y,intensity_a,intensity_b,intensity_c,intensity_d
0,1.251681e-7,2.784977e-10,1.223245e-8,1.799292e-10
1,1.729111e-7,5.500906e-10,3.663888e-8,3.545439e-10
2,5.224620e-7,3.031407e-9,1.115872e-7,2.427620e-9
3,1.726673e-6,2.039788e-8,5.469912e-7,1.610318e-8
4,5.480611e-6,1.373459e-7,1.891004e-6,1.343304e-7
5,1.791045e-5,8.981890e-7,8.404372e-6,8.352024e-7
6,6.029330e-5,5.492297e-6,2.685913e-5,5.810162e-6
7,1.983664e-4,3.017104e-5,9.729483e-5,2.971380e-5
8,6.051907e-4,1.442081e-4,2.732607e-4,1.523513e-4
9,1.654801e-3,5.853797e-4,7.535518e-4,5.929107e-4
10,3.969657e-3,1.973392e-3,1.781499e-3,2.050138e-3
11,8.187452e-3,5.384204e-3,3.503549e-3,5.610421e-3
12,1.417979e-2,1.151311e-2,6.608065e-3,1.172179e-2
13,2.026985e-2,1.857739e-2,8.646046e-3,1.994202e-2
14,2.592121e-2,2.554853e-2,1.227605e-2,2.638400e-2
15,3.053947e-2,3.151404e-2,1.357826e-2,3.419467e-2
16,3.367865e-2,3.579150e-2,1.718175e-2,3.737001e-2
17,3.509766e-2,3.796094e-2,1.817533e-2,4.160721e-2
18,3.478392e-2,3.784752e-2,2.248681e-2,3.990650e-2
19,3.299899e-2,3.550895e-2,2.448583e-2,3.924809e-2
20,3.021901e-2,3.126058e-2,3.106709e-2,3.321952e-2
21,2.700438e-2,2.570661e-2,3.518316e-2,2.858895e-2
22,2.393416e-2,1.972101e-2,4.538788e-2,2.107300e-2
23,2.156314e-2,1.433448e-2,5.170901e-2,1.599609e-2
24,2.032552e-2,1.052410e-2,6.587564e-2,1.120888e-2
25,2.048096e-2,8.965745e-3,7.332935e-2,9.906272e-3
26,2.214226e-2,9.843136e-3,9.048530e-2,1.026808e-2
27,2.527702e-2,1.278864e-2,9.708937e-2,1.388650e-2
28,2.965877e-2,1.698701e-2,1.150267e-1,1.759491e-2
29,3.489360e-2,2.142015e-2,1.183697e-1,2.319224e-2
30,4.052204e-2,2.517257e-2,1.341376e-1,2.607963e-2
31,4.606529e-2,2.768729e-2,1.321223e-1,3.004046e-2
32,5.104868e-2,2.887631e-2,1.429044e-1,3.002128e-2
33,5.508652e-2,2.904651e-2,1.343791e-1,3.165178e-2
34,5.793592e-2,2.867814e-2,1.382871e-1,3.002459e-2
35,5.943918e-2,2.816065e-2,1.232585e-1,3.085914e-2
36,5.951100e-2,2.761403e-2,1.196440e-1,2.908320e-2
37,5.823759e-2,2.688030e-2,9.959134e-2,2.955532e-2
38,5.588567e-2,2.567457e-2,8.953403e-2,2.706458e-2
39,5.272879e-2,2.379297e-2,6.801692e-2,2.607745e-2
40,4.894593e-2,2.125159e-2,5.502428e-2,2.225247e-2
41,4.470565e-2,1.829843e-2,3.678866e-2,1.984301e-2
42,4.022094e-2,1.533008e-2,2.569594e-2,1.577429e-2
43,3.567033e-2,1.278280e-2,1.421030e-2,1.371587e-2
44,3.114130e-2,1.103714e-2,8.532247e-3,1.121585e-2
45,2.668371e-2,1.033550e-2,4.458096e-3,1.121187e-2
46,2.235904e-2,1.070513e-2,4.839565e-3,1.114731e-2
47,1.823660e-2,1.190603e-2,6.117026e-3,1.325757e-2
48,1.440364e-2,1.344262e-2,1.048255e-2,1.438753e-2
49,1.098569e-2,1.466687e-2,1.340917e-2,1.653323e-2
50,8.104556e-3,1.496755e-2,1.824369e-2,1.618557e-2
51,5.826175e-3,1.400063e-2,1.954251e-2,1.582936e-2
52,4.167772e-3,1.187955e-2,2.213466e-2,1.288263e-2
53,3.122639e-3,9.236048e-3,2.074250e-2,1.044776e-2
54,2.649163e-3,7.096221e-3,2.086202e-2,7.584820e-3
55,2.658917e-3,6.580250e-3,1.802501e-2,7.282718e-3
56,3.047748e-3,8.504416e-3,1.774065e-2,8.703070e-3
57,3.711955e-3,1.302550e-2,1.597656e-2,1.402653e-2
58,4.534541e-3,1.948435e-2,1.831128e-2,1.995001e-2
59,5.387464e-3,2.655015e-2,2.006084e-2,2.859069e-2
60,6.173799e-3,3.264544e-2,2.750276e-2,3.371904e-2
61,6.863034e-3,3.649958e-2,3.383018e-2,3.944235e-2
62,7.451361e-3,3.760814e-2,4.724442e-2,3.906977e-2
63,7.917131e-3,3.639927e-2,5.708235e-2,3.938415e-2
64,8.239655e-3,3.402529e-2,7.528763e-2,3.532423e-2
65,8.431305e-3,3.186424e-2,8.555794e-2,3.426948e-2
66,8.530983e-3,3.094692e-2,1.054952e-1,3.172418e-2
67,8.572903e-3,3.155756e-2,1.119759e-1,3.347023e-2
68,8.578205e-3,3.317859e-2,1.292727e-1,3.347285e-2
69,8.562975e-3,3.480280e-2,1.280928e-1,3.657034e-2
70,8.542457e-3,3.547408e-2,1.383845e-1,3.558072e-2
71,8.529712e-3,3.480280e-2,1.280928e-1,3.657034e-2
72,8.525387e-3,3.317859e-2,1.292727e-1,3.347285e-2
73,8.516902e-3,3.155756e-2,1.119759e-1,3.347023e-2
74,8.478862e-3,3.094692e-2,1.054952e-1,3.172418e-2
75,8.384450e-3,3.186424e-2,8.555794e-2,3.426948e-2
76,8.241911e-3,3.402529e-2,7.528763e-2,3.532423e-2
77,8.072559e-3,3.639927e-2,5.708235e-2,3.938415e-2
78,7.858557e-3,3.760814e-2,4.724442e-2,3.906977e-2
79,7.592508e-3,3.649958e-2,3.383018e-2,3.944235e-2
80,7.329031e-3,3.264544e-2,2.750276e-2,3.371904e-2
81,7.120119e-3,2.655015e-2,2.006084e-2,2.859069e-2
82,6.965708e-3,1.948435e-2,1.831128e-2,1.995001e-2
83,6.831934e-3,1.302550e-2,1.597656e-2,1.402653e-2
84,6.656515e-3,8.504416e-3,1.774065e-2,8.703070e-3
85,6.400362e-3,6.580250e-3,1.802501e-2,7.282718e-3
86,6.143166e-3,7.096221e-3,2.086202e-2,7.584820e-3
87,6.034616e-3,9.236048e-3,2.074250e-2,1.044776e-2
88,6.127475e-3,1.187955e-2,2.213466e-2,1.288263e-2
89,6.338893e-3,1.400063e-2,1.954251e-2,1.582936e-2
90,6.551069e-3,1.496755e-2,1.824369e-2,1.618557e-2
91,6.680210e-3,1.466687e-2,1.340917e-2,1.653323e-2
92,6.695205e-3,1.344262e-2,1.048255e-2,1.438753e-2
93,6.615669e-3,1.190603e-2,6.117026e-3,1.325757e-2
94,6.451595e-3,1.070513e-2,4.839565e-3,1.114731e-2
95,6.157621e-3,1.033550e-2,4.458096e-3,1.121187e-2
96,5.705463e-3,1.103714e-2,8.532247e-3,1.121585e-2
97,5.165553e-3,1.278280e-2,1.421030e-2,1.371587e-2
98,4.656029e-3,1.533008e-2,2.569594e-2,1.577429e-2
99,4.243948e-3,1.829843e-2,3.678866e-2,1.984301e-2
100,3.933204e-3,2.125159e-2,5.502428e-2,2.225247e-2
101,3.708201e-3,2.379297e-2,6.801692e-2,2.607745e-2
102,3.552933e-3,2.567457e-2,8.953403e-2,2.706458e-2
103,3.448843e-3,2.688030e-2,9.959134e-2,2.955532e-2
104,3.382311e-3,2.761403e-2,1.196440e-1,2.908320e-2
105,3.354815e-3,2.816065e-2,1.232585e-1,3.085914e-2
106,3.374534e-3,2.867814e-2,1.382871e-1,3.002459e-2
107,3.438267e-3,2.904651e-2,1.343791e-1,3.165178e-2
108,3.535028e-3,2.887631e-2,1.429044e-1,3.002128e-2
109,3.667791e-3,2.768729e-2,1.321223e-1,3.004046e-2
110,3.850949e-3,2.517257e-2,1.341376e-1,2.607963e-2
111,4.075970e-3,2.142015e-2,1.183697e-1,2.319224e-2
112,4.291710e-3,1.698701e-2,1.150267e-1,1.759491e-2
113,4.428419e-3,1.278864e-2,9.708937e-2,1.388650e-2
114,4.438537e-3,9.843136e-3,9.048530e-2,1.026808e-2
115,4.315131e-3,8.965745e-3,7.332935e-2,9.906272e-3
116,4.084549e-3,1.052410e-2,6.587564e-2,1.120888e-2
117,3.794686e-3,1.433448e-2,5.170901e-2,1.599609e-2
118,3.506922e-3,1.972101e-2,4.538788e-2,2.107300e-2
119,3.280812e-3,2.570661e-2,3.518316e-2,2.858895e-2
120,3.145422e-3,3.126058e-2,3.106709e-2,3.321952e-2
121,3.074804e-3,3.550895e-2,2.448583e-2,3.924809e-2
122,2.996724e-3,3.784752e-2,2.248681e-2,3.990650e-2
123,2.834287e-3,3.796094e-2,1.817533e-2,4.160721e-2
124,2.543990e-3,3.579150e-2,1.718175e-2,3.737001e-2
125,2.126649e-3,3.151404e-2,1.357826e-2,3.419467e-2
126,1.622547e-3,2.554853e-2,1.227605e-2,2.638400e-2
127,1.102209e-3,1.857739e-2,8.646046e-3,1.994202e-2
128,6.461577e-4,1.151311e-2,6.608065e-3,1.172179e-2
129,3.126562e-4,5.384204e-3,3.503549e-3,5.610421e-3
130,1.350550e-4,1.973392e-3,1.781499e-3,2.050138e-3
131,5.533192e-5,5.853797e-4,7.535518e-4,5.929107e-4
132,2.284471e-5,1.442081e-4,2.732607e-4,1.523513e-4
133,9.849504e-6,3.017104e-5,9.729483e-5,2.971380e-5
134,4.394723e-6,5.492298e-6,2.685913e-5,5.810162e-6
135,1.942212e-6,8.981891e-7,8.404372e-6,8.352024e-7
136,8.132771e-7,1.373458e-7,1.891004e-6,1.343304e-7
137,3.149471e-7,2.039792e-8,5.469912e-7,1.610318e-8
138,1.150910e-7,3.031426e-9,1.115872e-7,2.427620e-9
139,4.605598e-8,5.500852e-10,3.663888e-8,3.545439e-10
140,2.764964e-8,2.784916e-10,1.223245e-8,1.799292e-10
